Temperature,x1,x2,y1,y2
°C,mol fract.,mol fract.,mol fract.,mol fract.
56.8784,0.121877,0.243059,0.121877,0.243059
56.9074,0.111776,0.261139,0.115133,0.251309
56.9661,0.104099,0.310742,0.104135,0.26312
57.0192,0.106096,0.370687,0.0977088,0.269624
57.0395,0.11189,0.430403,0.0932357,0.273556
57.0916,0.11939,0.489932,0.0900591,0.276986
57.1165,0.127814,0.549337,0.0876302,0.279265
57.1388,0.136789,0.608662,0.0857556,0.280999
58.2041,0.146321,0.667899,0.0833745,0.305565
61.6727,0.156952,0.726949,0.0895643,0.377848
67.2192,0.168891,0.785747,0.108579,0.505062
78.2285,0.220676,0.779324,0.18834,0.81166
78.3233,0.256085,0.743915,0.209509,0.790491
78.4794,0.298512,0.701488,0.23558,0.76442
78.6712,0.340938,0.659062,0.260039,0.739961
78.893,0.383365,0.616635,0.282584,0.717416
79.1421,0.425791,0.574209,0.303441,0.696559
79.4165,0.468217,0.531783,0.322823,0.677177
79.715,0.510644,0.489356,0.340947,0.659053
80.0376,0.55307,0.44693,0.358043,0.641957
80.386,0.595497,0.404503,0.374372,0.625628
80.765,0.637923,0.362077,0.390259,0.609741
81.1838,0.680349,0.319651,0.406138,0.593862
81.6599,0.722776,0.277224,0.42263,0.57737
82.2246,0.765202,0.234798,0.440694,0.559306
82.9342,0.807629,0.192371,0.461916,0.538084
83.8933,0.850055,0.149945,0.489132,0.510868
85.3073,0.892481,0.107519,0.527969,0.472031
87.6185,0.934908,0.0650922,0.591321,0.408679
91.9608,0.977334,0.0226658,0.71679,0.28321
100.348,1,0,1,0
78.7772,0.410942,0.601786,0.299893,0.700107
79.1421,0.425791,0.574209,0.303441,0.696559
71.7148,0.398214,0.589058,0.22517,0.50665
79.1421,0.425791,0.574209,0.303441,0.696559
56.8784,0.121877,0.243059,0.121877,0.243059
56.907,0.118513,0.275636,0.114724,0.251735
56.9242,0.129739,0.330609,0.11064,0.256233
56.9369,0.145311,0.38855,0.108116,0.258908
56.9495,0.162147,0.446139,0.106349,0.260806
56.956,0.179596,0.503546,0.105044,0.262126
56.9664,0.19739,0.560846,0.104054,0.263198
56.9756,0.215403,0.618079,0.103252,0.264108
59.7081,0.234232,0.675044,0.109736,0.314386
66.5615,0.255296,0.731205,0.140103,0.452813
78.5082,0.30536,0.69464,0.239668,0.760332
78.705,0.347787,0.652213,0.263802,0.736198
78.9314,0.390213,0.609787,0.28606,0.71394
79.1847,0.43264,0.56736,0.306663,0.693337
79.4631,0.475066,0.524934,0.325828,0.674172
79.7654,0.517492,0.482508,0.34377,0.65623
80.092,0.559919,0.440081,0.360723,0.639277
80.445,0.602345,0.397655,0.376957,0.623043
80.8295,0.644772,0.355228,0.39281,0.60719
81.2562,0.687198,0.312802,0.408738,0.591262
81.744,0.729624,0.270376,0.425408,0.574592
82.3273,0.772051,0.227949,0.443852,0.556148
83.0684,0.814477,0.185523,0.465802,0.534198
84.0832,0.856904,0.143096,0.494403,0.505597
85.6023,0.89933,0.10067,0.536012,0.463988
88.1334,0.941756,0.0582436,0.605655,0.394345
93.0309,0.984183,0.0158172,0.749614,0.250386
100.348,1,0,1,0
79.3789,0.502643,0.510085,0.340024,0.659976
79.7654,0.517492,0.482508,0.34377,0.65623
69.0078,0.489915,0.497357,0.222778,0.412757
79.7654,0.517492,0.482508,0.34377,0.65623
56.8784,0.121877,0.243059,0.121877,0.243059
56.8947,0.125263,0.253685,0.120914,0.244547
56.8931,0.151458,0.303458,0.119632,0.246025
56.8954,0.180711,0.355843,0.119084,0.246705
56.8933,0.210278,0.408052,0.11871,0.247092
56.8928,0.239979,0.460185,0.118445,0.247383
56.8918,0.269754,0.512276,0.118243,0.247592
56.8915,0.299574,0.564341,0.118134,0.247709
57.3461,0.329502,0.616344,0.119742,0.254848
78.8785,0.380758,0.619242,0.28125,0.71875
79.126,0.423184,0.576816,0.302204,0.697796
79.3989,0.465611,0.534389,0.321671,0.678329
79.696,0.508037,0.491963,0.339866,0.660134
80.0171,0.550464,0.449536,0.357018,0.642982
80.3638,0.59289,0.40711,0.373385,0.626615
80.7407,0.635316,0.364684,0.389289,0.610711
81.1566,0.677743,0.322257,0.405152,0.594848
81.6285,0.720169,0.279831,0.421583,0.578417
82.1865,0.762596,0.237404,0.439514,0.560486
82.8848,0.805022,0.194978,0.460477,0.539523
83.8241,0.847448,0.152552,0.487204,0.512796
85.2009,0.889875,0.110125,0.525069,0.474931
87.4357,0.932301,0.0676987,0.586258,0.413742
91.5905,0.974728,0.0252723,0.705625,0.294375
100.348,1,0,1,0
79.6217,0.535614,0.477114,0.353192,0.646808
80.0171,0.550464,0.449536,0.357018,0.642982
67.4755,0.522886,0.464386,0.214522,0.374075
80.0171,0.550464,0.449536,0.357018,0.642982
56.8784,0.121877,0.243059,0.121877,0.243059
56.897,0.145335,0.254157,0.12579,0.23844
56.9016,0.18863,0.290787,0.127507,0.236188
56.9036,0.233145,0.331015,0.128469,0.234864
56.9059,0.277239,0.371706,0.129106,0.233989
56.9071,0.321133,0.412612,0.129557,0.23335
56.9085,0.364915,0.453638,0.129797,0.233024
56.9091,0.408649,0.494716,0.129998,0.232737
58.5662,0.452659,0.535491,0.139421,0.254317
79.5937,0.4938,0.5062,0.333888,0.666112
79.9066,0.536226,0.463774,0.351363,0.648637
80.2444,0.578652,0.421348,0.367962,0.632038
80.6104,0.621079,0.378921,0.38398,0.61602
81.0119,0.663505,0.336495,0.3998,0.6002
81.4625,0.705932,0.294068,0.415957,0.584043
81.987,0.748358,0.251642,0.433252,0.566748
82.6299,0.790784,0.209216,0.45297,0.54703
83.4727,0.833211,0.166789,0.477341,0.522659
84.6712,0.875637,0.124363,0.510591,0.489409
86.5465,0.918064,0.0819364,0.561795,0.438205
89.8571,0.96049,0.03951,0.654604,0.345396
96.9375,1,0,0.877195,0.122805
100.348,1,0,1,0
80.1932,0.60623,0.406498,0.37992,0.62008
80.6104,0.621079,0.378921,0.38398,0.61602
62.4424,0.593502,0.39377,0.180258,0.279317
80.6104,0.621079,0.378921,0.38398,0.61602
56.8784,0.121877,0.243059,0.121877,0.243059
56.9157,0.15377,0.237859,0.130175,0.232609
56.943,0.207678,0.253271,0.134011,0.227053
56.9651,0.263922,0.274157,0.136154,0.223748
56.978,0.319607,0.296497,0.137528,0.221442
56.9968,0.375011,0.319526,0.138559,0.21984
57.0049,0.430256,0.342935,0.139084,0.218959
57.0116,0.48543,0.366512,0.139527,0.218195
57.0215,0.540528,0.390265,0.140088,0.217236
59.854,0.59054,0.40946,0.15958,0.249077
80.7189,0.632966,0.367034,0.388413,0.611587
81.1323,0.675393,0.324607,0.404265,0.595735
81.6005,0.717819,0.282181,0.420645,0.579355
82.1526,0.760246,0.239754,0.438459,0.561541
82.841,0.802672,0.197328,0.459198,0.540802
83.7631,0.845098,0.154902,0.4855,0.5145
85.1077,0.887525,0.112475,0.522525,0.477475
87.2766,0.929951,0.0700488,0.581862,0.418138
91.2722,0.972378,0.0276224,0.696106,0.303894
100.348,1,0,1,0
80.8952,0.660544,0.352184,0.396021,0.603979
81.1323,0.675393,0.324607,0.404265,0.595735
57.1359,0.647816,0.339456,0.145244,0.207709
81.1323,0.675393,0.324607,0.404265,0.595735
56.8784,0.121877,0.243059,0.121877,0.243059
56.9096,0.140345,0.229716,0.129059,0.234135
56.983,0.196124,0.218952,0.137359,0.221891
57.0437,0.256095,0.217602,0.141142,0.215462
57.0993,0.316063,0.219451,0.143699,0.210776
57.1483,0.375965,0.222876,0.145604,0.207067
57.1923,0.435805,0.22724,0.147114,0.203994
57.218,0.495597,0.232232,0.147954,0.202209
57.2427,0.555363,0.237531,0.148712,0.200579
57.2767,0.615096,0.243179,0.149705,0.198387
57.3103,0.674804,0.249096,0.15059,0.196451
57.3385,0.73449,0.255227,0.151341,0.194717
82.5843,0.78809,0.21191,0.45161,0.54839
83.4108,0.830516,0.169484,0.475589,0.524411
84.5797,0.872943,0.127057,0.508081,0.491919
86.3966,0.915369,0.0846308,0.557691,0.442309
89.5755,0.957796,0.0422044,0.646496,0.353504
96.2619,1,0,0.854207,0.145793
100.348,1,0,1,0
57.2831,0.644062,0.255094,0.149846,0.19812
57.3103,0.674804,0.249096,0.15059,0.196451
57.3264,0.645838,0.237182,0.151064,0.195306
57.3103,0.674804,0.249096,0.15059,0.196451
56.8784,0.121877,0.243059,0.121877,0.243059
56.9168,0.105843,0.261939,0.112719,0.254002
57.1228,0.0722198,0.306434,0.0860817,0.280481
57.4052,0.0490193,0.361183,0.0641639,0.299969
57.5502,0.0375712,0.420032,0.0539689,0.308353
57.7142,0.0310772,0.479655,0.0432967,0.317148
57.8814,0.0287438,0.539605,0.0342033,0.326022
58.0443,0.0281795,0.599602,0.0289898,0.333609
58.2891,0.0285073,0.659601,0.0256632,0.34271
58.7376,0.0293478,0.719595,0.023481,0.356329
59.6094,0.0305069,0.779583,0.0222325,0.379472
61.3441,0.0318642,0.839568,0.0221042,0.422822
64.9013,0.033313,0.89955,0.0239747,0.514413
72.5338,0.0345772,0.959537,0.0309035,0.747842
78.2118,0,1,0,1
58.3574,0.0193436,0.62965,0.0184686,0.347783
58.2891,0.0285073,0.659601,0.0256632,0.34271
58.1206,0.0373432,0.629552,0.0334055,0.334337
58.2891,0.0285073,0.659601,0.0256632,0.34271
56.8784,0.121877,0.243059,0.121877,0.243059
56.9209,0.105578,0.265862,0.111828,0.254987
57.0409,0.0860589,0.315635,0.0945896,0.272548
57.1617,0.0774186,0.374961,0.0834715,0.283053
57.2554,0.0748443,0.434897,0.0757769,0.289995
57.2897,0.0751423,0.494893,0.0720276,0.292974
57.3492,0.0765365,0.554876,0.0686516,0.296231
57.4178,0.0789984,0.614825,0.0645234,0.300155
57.8198,0.0825285,0.67472,0.0591919,0.313274
58.6984,0.0869152,0.73456,0.0561567,0.335971
60.6816,0.0918914,0.794353,0.0564677,0.381892
65.3089,0.0972593,0.854112,0.0642054,0.492643
78.0757,0.10355,0.89645,0.10355,0.89645
57.4948,0.0687751,0.58522,0.060021,0.304379
57.4178,0.0789984,0.614825,0.0645234,0.300155
57.3355,0.0867598,0.584481,0.0697674,0.295285
57.4178,0.0789984,0.614825,0.0645234,0.300155
56.8784,0.121877,0.243059,0.121877,0.243059
56.901,0.129268,0.230966,0.126363,0.237751
56.9955,0.142265,0.180164,0.138151,0.220631
57.2528,0.145469,0.120294,0.1489,0.20029
57.7444,0.138862,0.0607647,0.160061,0.172906
59.3182,0.11774,0.00553916,0.184053,0.103321
61.7856,0.058834,0,0.216793,0
63.3407,0,0,0.170905,0
68.6282,0,0,0,0
58.821,0.136585,0.0299837,0.177108,0.124157
59.3182,0.11774,0.00553916,0.184053,0.103321
58.4463,0.120017,0.0363201,0.171614,0.140473
59.3182,0.11774,0.00553916,0.184053,0.103321
56.8784,0.121877,0.243059,0.121877,0.243059
56.9052,0.110492,0.255623,0.115769,0.250584
57.0932,0.0699026,0.285472,0.0882506,0.278315
57.6607,0.0203128,0.270624,0.0464339,0.310391
58.1448,0.00356242,0.215277,0.0152205,0.327116
58.4407,0.00109374,0.155334,0.00536098,0.324113
58.9215,0.000332173,0.0953393,0.00215882,0.307922
60.4393,0.0000629064,0.03534,0.000742127,0.259293
68.6282,0,0,0,0
57.9451,0.0113195,0.184935,0.0351584,0.308594
58.4407,0.00109374,0.155334,0.00536098,0.324113
58.3124,-0.00666336,0.185676,0,0.328184
58.4407,0.00109374,0.155334,0.00536098,0.324113
56.8784,0.121877,0.243059,0.121877,0.243059
56.9365,0.0813368,0.239827,0.105962,0.260901
57.0249,0.0406257,0.196077,0.0967003,0.270554
57.6083,0.0125182,0.143658,0.0613624,0.289463
58.6943,0.00347365,0.0844099,0.023977,0.291197
60.9237,0.000496496,0.0244904,0.00744983,0.237401
68.6282,0,0,0,0
57.8375,0.0168832,0.112677,0.0676358,0.271995
58.6943,0.00347365,0.0844099,0.023977,0.291197
58.9343,-0.000891357,0.115391,0,0.308958
58.6943,0.00347365,0.0844099,0.023977,0.291197
56.8784,0.121877,0.243059,0.121877,0.243059
56.9796,0.155288,0.1997,0.137062,0.222382
57.1659,0.193401,0.154152,0.146143,0.206053
57.5276,0.234885,0.110821,0.155637,0.184588
58.2208,0.280387,0.0717635,0.168108,0.150763
58.9013,0.331503,0.0405098,0.178263,0.120637
59.8052,0.386595,0.0170701,0.190725,0.0823054
60.9068,0.445564,0.00639925,0.205336,0.0356156
61.4016,0.505445,0.00277465,0.211851,0.0146531
61.5822,0.56543,0.00145861,0.214227,0.00699102
61.6555,0.625427,0.000888155,0.215191,0.00387756
61.69,0.685426,0.000600518,0.215645,0.00241226
61.7084,0.745426,0.000438007,0.215886,0.00163355
61.7191,0.805426,0.000338003,0.216027,0.00117895
61.7258,0.865426,0.000272304,0.216115,0.000893489
61.7302,0.925426,0.000226876,0.216174,0.000703636
61.7333,0.985426,0.000194155,0.216215,0.000571406
100.348,1,0,1,0
60.9382,0.595514,0.010173,0.205765,0.0342708
61.6555,0.625427,0.000888155,0.215191,0.00387756
61.774,0.595343,-0.00782619,0.216655,0
61.6555,0.625427,0.000888155,0.215191,0.00387756
56.8784,0.121877,0.243059,0.121877,0.243059
56.9019,0.132237,0.231404,0.126977,0.23693
57.0037,0.171482,0.197822,0.138669,0.219782
57.1532,0.222566,0.166405,0.145669,0.207027
57.3507,0.276308,0.139752,0.151542,0.194408
57.6001,0.331762,0.116867,0.157163,0.180692
57.9032,0.388497,0.097368,0.162833,0.165606
58.131,0.446221,0.0810196,0.166662,0.154928
58.3841,0.50446,0.0666138,0.170619,0.143593
58.7683,0.563296,0.0548723,0.176357,0.126388
59.1642,0.622554,0.0454862,0.181928,0.109823
59.5158,0.682094,0.0380819,0.186771,0.0947102
59.8257,0.741811,0.0322805,0.190995,0.0814384
60.092,0.801639,0.0277403,0.194571,0.0701054
60.316,0.861532,0.0241739,0.197544,0.0606102
60.5024,0.921465,0.021353,0.19999,0.0527394
60.6555,0.980909,0.0190913,0.202019,0.0462544
100.348,1,0,1,0
58.8375,0.594333,0.059068,0.177362,0.123308
59.1642,0.622554,0.0454862,0.181928,0.109823
59.3801,0.591517,0.0412905,0.184908,0.100542
59.1642,0.622554,0.0454862,0.181928,0.109823
56.8784,0.121877,0.243059,0.121877,0.243059
56.9856,0.0893656,0.289834,0.0994664,0.267524
57.1684,0.0710811,0.342971,0.0827933,0.283652
57.3183,0.0620308,0.402249,0.0710286,0.294165
57.4277,0.0582822,0.462124,0.0629109,0.301086
57.5048,0.0572111,0.522112,0.0572361,0.305779
57.7115,0.0577672,0.582108,0.0510477,0.31461
58.0873,0.0596157,0.642079,0.0467828,0.326882
58.8623,0.0622794,0.702019,0.0442077,0.347542
60.5139,0.0654831,0.761934,0.043831,0.387212
62.5933,0.0690333,0.821829,0.0456817,0.436808
66.1671,0.0727019,0.881716,0.0508832,0.527886
78.0918,0.0678246,0.932175,0.0717107,0.928289
78.1456,0.0324497,0.96755,0.0364221,0.963578
78.2118,0,1,0,1
58.2649,0.0519565,0.672449,0.0406847,0.33475
58.8623,0.0622794,0.702019,0.0442077,0.347542
58.0983,0.0699386,0.67165,0.0515088,0.324543
58.8623,0.0622794,0.702019,0.0442077,0.347542
56.8784,0.121877,0.243059,0.121877,0.243059
57.0106,0.0864132,0.28605,0.098672,0.268662
57.2531,0.0605841,0.330415,0.0757642,0.289944
57.477,0.0437321,0.387895,0.0589049,0.304478
57.6969,0.0356974,0.447316,0.0445355,0.316217
57.8479,0.0327357,0.507237,0.0366931,0.324136
58.0142,0.0319437,0.567231,0.0318273,0.331628
58.2814,0.0322486,0.627229,0.0285777,0.341194
58.7853,0.0331854,0.687222,0.0264241,0.356022
59.37,0.0345166,0.747207,0.0255415,0.371463
60.2984,0.0360265,0.807188,0.0251438,0.394772
62.8498,0.0377048,0.867165,0.0260278,0.458255
68.2525,0.0393958,0.927141,0.0306181,0.606334
78.164,0.0243381,0.975662,0.0277152,0.972285
78.2118,0,1,0,1
58.4497,0.0237181,0.657366,0.0211018,0.349477
58.7853,0.0331854,0.687222,0.0264241,0.356022
58.241,0.0417159,0.657085,0.0348262,0.337107
58.7853,0.0331854,0.687222,0.0264241,0.356022
